{
    "rmse": 0.7061797943161066,
    "mae": 0.5570996616995106,
    "r2": 0.27473836256495254
}